FID,ID,Nimi,Namn,Name,Osoite,Adress,Kaupunki,Stad,Operaattor,Kapasiteet,x,y
1,501,Hanasaari, Hanaholmen,Hanasaari,Hanasaarenranta 1,Hanaholmsstranden 1,Espoo,Esbo,CityBike Finland,10,24.840319,60.16582
2,503,Keilalahti, Kägelviken,Keilalahti,Keilalahdentie 2,Kägelviksvägen 2,Espoo,Esbo,CityBike Finland,28,24.827467,60.171524
3,505,Westendinasema, Westendstationen,Westendinasema,Westendintie 1,Westendvägen 1,Espoo,Esbo,CityBike Finland,16,24.805758,60.168266
4,507,Golfpolku, Golfstigen,Golfpolku,Golfpolku 3,Golfstigen 3,Espoo,Esbo,CityBike Finland,16,24.796136,60.168143
5,509,Revontulentie, Norrskensvägen,Revontulentie,Revontulentie 10,Norrskensvägen 10,Espoo,Esbo,CityBike Finland,30,24.802938,60.171551
6,511,Sateentie, Regnvägen,Sateentie,Sateentie 2,Regnvägen 2,Espoo,Esbo,CityBike Finland,18,24.810688,60.173424
7,513,Hakalehto, Hagliden,Hakalehto,Merituulentie 18,Havsvindsvägen 18,Espoo,Esbo,CityBike Finland,24,24.79139,60.173567
8,515,Oravannahkatori, Gråskinnstorget,Oravannahkatori,Oravannahkatori 1,Gråskinnstorget 1,Espoo,Esbo,CityBike Finland,16,24.792559,60.175769
9,517,Länsituuli, Västanvinden,Länsituuli,Länsituulenkuja 3,Västanvindsgränden 3,Espoo,Esbo,CityBike Finland,24,24.802049,60.175358
10,518,Tuulimäki, Väderbacken,Tuulimäki,Itätuulenkuja 11,Östanvindsgränden 11,Espoo,Esbo,CityBike Finland,18,24.806051,60.174144
11,519,Tapionaukio, Tapioplatsen,Tapionaukio,Tapionaukio 9,Tapioplatsen 9,Espoo,Esbo,CityBike Finland,26,24.805825,60.176168
12,521,Kulttuuriaukio, Kulturplatsen,Kulttuuriaukio,Kulttuuriaukio 2,Kulturplatsen 2,Espoo,Esbo,CityBike Finland,30,24.803942,60.177588
13,523,Ahertajantie, Flitarvägen,Ahertajantie,Ahertajantie 1,Flitargränden 1,Espoo,Esbo,CityBike Finland,20,24.797984,60.17875
14,525,Mäntyviita, Tallbysket,Mäntyviita,Mäntyviita 2,Tallbysket 2,Espoo,Esbo,CityBike Finland,10,24.810974,60.178702
15,527,Otsolahti, Björnviken,Otsolahti,Otsolahdentie 18,Björnviksvägen 18,Espoo,Esbo,CityBike Finland,18,24.817423,60.178655
16,529,Keilaniemi (M), Kägeludden (M),Keilaniemi (M),Keilaniementie 4,Kägeluddsvägen 4,Espoo,Esbo,CityBike Finland,40,24.82895,60.175233
17,531,Keilaranta, Kägelstranden,Keilaranta,Keilaranta 13,Kägelstranden 13,Espoo,Esbo,CityBike Finland,24,24.835132,60.178762
18,532,Betonimies,Betongblandaren,Betonimies,Betonimiehenkuja 1,Betongblandargränden 1,Espoo,Esbo,CityBike Finland,16,24.831804,60.180027
19,533,Tekniikantie, Teknikvägen,Tekniikantie,Tekniikantie 3,Teknikvägen 3,Espoo,Esbo,CityBike Finland,18,24.824747,60.180806
20,537,Innopoli,Innopoli,Innopoli,Tekniikantie 14,Teknikvägen 14,Espoo,Esbo,CityBike Finland,20,24.81422,60.185096
21,538,Hagalundinpuisto,Hagalundinpuisto,Hagalundsparken,Tekniikantie 15,Teknikvägen 15,Espoo,Esbo,CityBike Finland,14,24.817403,60.18363
22,539,"Aalto-yliopisto (M), Tietot"," Aalto-universitetet (M),","Aalto University (M), Tietotie",Tietotie 4,Datavägen 4,Espoo,Esbo,CityBike Finland,20,24.820099,60.184987
23,541,"Aalto-yliopisto (M), Korkea"," Aalto-universitetet (M),","Aalto University (M), Korkeakoulua",Otaniementie 10,Otnäsvägen 10,Espoo,Esbo,CityBike Finland,42,24.826671,60.184312
24,543,Otaranta, Oststranden,Otaranta,Otaranta 6,Otstranden 6,Espoo,Esbo,CityBike Finland,22,24.837133,60.18483
25,545,Sähkömies, Strömkarlen,Sähkömies,Otakaari 3,Otsvängen 3,Espoo,Esbo,CityBike Finland,12,24.829985,60.188499
26,547,Jämeräntaival, Bistervägen,Jämeräntaival,Otakaari 18,Otsvängen 18,Espoo,Esbo,CityBike Finland,30,24.835033,60.188118
27,549,Maarinranta, Marstranden,Maarinranta,Maarinrannantie 4,Marstrandvägen 4,Espoo,Esbo,CityBike Finland,12,24.810193,60.187529
28,551,Tietäjä, Siaren,Tietäjä,Valkjärventie 4,Valkjärvivägen 4,Espoo,Esbo,CityBike Finland,20,24.807083,60.189143
29,553,Metsänneidonpolku, Skogsjungfrustigen,Metsänneidonpolku,Metsänneidonpolku 5,Skogsjungfrustigen 5,Espoo,Esbo,CityBike Finland,19,24.806152,60.186731
30,555,Kalevalantie, Kalevalavägen,Kalevalantie,Kalevalantie 7,Kalevalavägen 7,Espoo,Esbo,CityBike Finland,21,24.804022,60.184765
31,557,Louhentori, Louhitorget,Louhentori,Louhentie 16,Louhivägen 16,Espoo,Esbo,CityBike Finland,16,24.796959,60.18715
32,559,Pohjankulma, Norrhörnet,Pohjankulma,Louhentie 2,Louhivägen 2,Espoo,Esbo,CityBike Finland,25,24.794014,60.18288
33,561,Koivu-Mankkaa, Björkmankans,Koivu-Mankkaa,Urpu 6,Hänget 6,Espoo,Esbo,CityBike Finland,23,24.78576,60.182976
34,563,Mankkaanlaaksontie, Mankansdalsvägen,Mankkaanlaaksontie,Mankkaanlaaksontie 1,Mankansdalsvägen 1,Espoo,Esbo,CityBike Finland,26,24.780478,60.188706
35,565,Mankkaanaukio, Mankansplatsen,Mankkaanaukio,Mankkaantie 3,Mankasvägen 3,Espoo,Esbo,CityBike Finland,20,24.769021,60.194599
36,571,Tapiolan urheilupuisto, Hagalunds idrottspark,Tapiola Sports Park,Urheilupuistontie 3,Idrottsparksvägen 3,Espoo,Esbo,CityBike Finland,32,24.784654,60.177749
37,573,Urheilupuisto (M), Idrottsparken (M),Sports Park (M),Jousenpuistonkatu 4,Bågparksgatan 4,Espoo,Esbo,CityBike Finland,28,24.779428,60.17465
38,575,Tontunmäentie, Tomtekullavägen,Tontunmäentie,Tontunmäentie 25,Tomtekullavägen 25,Espoo,Esbo,CityBike Finland,16,24.769667,60.176107
39,577,Olarinluoma, Olarsbäcken,Olarinluoma,Olarinluoma 19,Olarsbäcken 19,Espoo,Esbo,CityBike Finland,18,24.760606,60.180848
40,579,Niittymaa, Ängsmalmen,Niittymaa,Niittymaantie 2,Ängsmalmsvägen 2,Espoo,Esbo,CityBike Finland,21,24.775913,60.171127
41,581,Niittykumpu (M), Ängskulla (M),Niittykumpu (M),Merituulentie 38,Havsvindsvägen 38,Espoo,Esbo,CityBike Finland,35,24.763184,60.170758
42,583,Haukilahdenkatu, Gäddviksgatan,Haukilahdenkatu,Ahventie 2,Abborrvägen 2,Espoo,Esbo,CityBike Finland,16,24.772708,60.166481
43,585,Haukilahdenaukio, Gäddviksplatsen,Haukilahdenaukio,Haukilahdenranta 2,Gäddviksstranden 2,Espoo,Esbo,CityBike Finland,16,24.775882,60.162396
44,587,Hauenkallio, Gäddberget,Hauenkallio,Hauenkalliontie 12,Gäddbergsvägen 12,Espoo,Esbo,CityBike Finland,12,24.767831,60.162477
45,589,Haukilahdenranta, Gäddviksstranden,Haukilahdenranta,Haukilahdenranta 13,Gäddviksstranden 13,Espoo,Esbo,CityBike Finland,16,24.769864,60.158048
46,591,Mellstenintie, Mellstensvägen,Mellstenintie,Mellstenintie 17,Mellstensvägen 17,Espoo,Esbo,CityBike Finland,25,24.773993,60.154941
47,593,Toppelundintie, Toppelundsvägen,Toppelundintie,Toppelundintie 11,Toppelundsvägen 11,Espoo,Esbo,CityBike Finland,12,24.782477,60.1591405
48,595,Westendintie, Westendvägen,Westendintie,Westendintie 34,Westendvägen 34,Espoo,Esbo,CityBike Finland,16,24.791754,60.158194
49,596,Toppelundinportti, Toppelundsporten,Toppelundinportti,Haukilahdenkatu 2,Gäddviksgatan 2,Espoo,Esbo,CityBike Finland,20,24.7848628,60.1624471
50,597,Linnakepolku, Fortstigen,Linnakepolku,Westendintie 99,Westendvägen 99,Espoo,Esbo,CityBike Finland,10,24.790132,60.1637
51,601,Nokkala,Nokkala,Nokkala,Nokkalanniemi 2,Nokkalaparken 2,Espoo,Esbo,CityBike Finland,18,24.754344,60.147974
52,603,Matinlahdenranta, Mattviksstranden,Matinlahdenranta,Rantamäki 2,Strandbacken 2,Espoo,Esbo,CityBike Finland,20,24.754196,60.151041
53,607,Nuottaniementie, Notuddsvägen,Nuottaniementie,Nuottatie 1,Notvägen 1,Espoo,Esbo,CityBike Finland,15,24.741546,60.147921
54,609,Sepetlahdentie, Sepetviksvägen,Sepetlahdentie,Sepetlahdentie 11,Sepetviksvägen 11,Espoo,Esbo,CityBike Finland,10,24.741234,60.152343
55,611,Matinkartanontie, Mattgårdvägen,Matinkartanontie,Matinkartanontie 2,Mattsgårdsvägen 2,Espoo,Esbo,CityBike Finland,21,24.752489,60.156258
56,613,Matinkyläntie, Mattbyvägen,Matinkyläntie,Joosepinkuja 1,Josefsgränden 1,Espoo,Esbo,CityBike Finland,15,24.744978,60.155689
57,615,Tiistiläntie, Distbyvägen,Tiistiläntie,Tiistiläntie 6,Distbyvägen 6,Espoo,Esbo,CityBike Finland,24,24.737664,60.156755
58,617,Tiistinkallio, Distberget,Tiistinkallio,Kalastajantie 29,Fiskarvägen 29,Espoo,Esbo,CityBike Finland,12,24.729112,60.153737
59,619,Etuniementie, Framnäsvägen,Etuniementie,Kalastajantie 6,Fiskarvägen 6,Espoo,Esbo,CityBike Finland,10,24.724835,60.160645
60,621,Hauenkalliontie, Gäddbergsvägen,Hauenkalliontie,Hauenkalliontie 22,Gäddbergsvägen 22,Espoo,Esbo,CityBike Finland,12,24.756272,60.161138
61,623,Nelikkotie, Fjärdingsvägen,Nelikkotie,Nelikkotie 14,Fjärdingsvägen 14,Espoo,Esbo,CityBike Finland,16,24.74663,60.161588
62,625,Suomenlahdentie, Finnviksvägen,Suomenlahdentie,Suomenlahdentie 2,Finnviksvägen 2,Espoo,Esbo,CityBike Finland,32,24.741294,60.160015
63,627,Piispansilta, Biskopsbron,Piispansilta,Piispansilta 11,Biskopsknuten 11,Espoo,Esbo,CityBike Finland,44,24.738416,60.162403
64,629,Piispanportti, Biskopsporten,Piispanportti,Piispanportti 4,Biskopsporten 4,Espoo,Esbo,CityBike Finland,16,24.732688,60.165603
65,631,Friisilänaukio, Frisansplatsen,Friisilänaukio,Friisiläntie 2,Frisansvägen 2,Espoo,Esbo,CityBike Finland,12,24.721367,60.162842
66,633,Avaruuskatu, Rymdgatan,Avaruuskatu,Avaruuskatu 1,Rymdgatan 2,Espoo,Esbo,CityBike Finland,16,24.724908,60.168971
67,635,Kuunkatu, Mångatan,Kuunkatu,Kuunkatu 3,Mångatan 3,Espoo,Esbo,CityBike Finland,24,24.726025,60.172673
68,637,Ruomelantie, Romensvägen,Ruomelantie,Ruomelantie 19,Romensvägen 19,Espoo,Esbo,CityBike Finland,12,24.729314,60.174524
69,639,Itäportti, Österporten,Itäportti,Ruomelantie 5,Romensvägen 5,Espoo,Esbo,CityBike Finland,18,24.738122,60.174914
70,641,Komeetankatu, Kometgatan,Komeetankatu,Komeetankatu 2,Kometgatan 2,Espoo,Esbo,CityBike Finland,16,24.735969,60.167216
71,643,Auringonkatu, Solgatan,Auringonkatu,Auringonkatu 2,Solbanan 2,Espoo,Esbo,CityBike Finland,20,24.731472,60.171548
72,645,Piispankallio, Biskopsberget,Piispankallio,Piispankallio 2,Biskopsberget 2,Espoo,Esbo,CityBike Finland,16,24.743532,60.168441
73,647,Lystimäki, Lustikulla,Lystimäki,Lystimäentie 2,Lustikullavägen 2,Espoo,Esbo,CityBike Finland,12,24.745666,60.172814
74,649,Lystimäensilta, Lustikullabron,Lystimäensilta,Vuosikuja 2,Årsgränden 2,Espoo,Esbo,CityBike Finland,15,24.752442,60.17471
75,651,Suurpellonaukio, Storåkersplatsen,Suurpellonaukio,Suurpellon puistokatu 4,Storaåkerns parkgata 4,Espoo,Esbo,CityBike Finland,24,24.744131,60.184596
76,653,Lukutori, Lukutorget,Lukutori,Suurpellon puistokatu 18,Storaåkerns parkgata 18,Espoo,Esbo,CityBike Finland,14,24.742571,60.187052
77,701,Gallen-Kallelan tie, Gallen-Kallelas väg,Gallen-Kallelan tie,Gallen-Kallelan tie 29,Gallen-Kallelas vägen 29,Espoo,Esbo,CityBike Finland,10,24.840699,60.206142
78,703,Elfvik,Elfvik,Elfvik,Elfvikintie 4,Elfviksvägen 4,Espoo,Esbo,CityBike Finland,10,24.8231,60.203852
79,705,Laajalahden keskus, Bredviks centrum,Laajalahden keskus,Kirvuntie 22,Kirvusvägen 22,Espoo,Esbo,CityBike Finland,19,24.80493,60.203892
80,707,Majurinkulma, Majorshörnet,Majurinkulma,Itsehallintotie 8,Självstyrelsevägen 8,Espoo,Esbo,CityBike Finland,24,24.824954,60.210735
81,709,Yhdyskunnankuja, Samhällsgränden,Yhdyskunnankuja,Yhdyskunnankuja 1,Samhällsgränden 1,Espoo,Esbo,CityBike Finland,20,24.819549,60.212508
82,711,Kirjurinkuja, Skrivargränden,Kirjurinkuja,Kirjurinkuja 1,Skrivargränden 1,Espoo,Esbo,CityBike Finland,26,24.826368,60.215751
83,713,Upseerinkatu, Officersgatan,Upseerinkatu,Upseerinkatu 3,Officersgatan 3,Espoo,Esbo,CityBike Finland,30,24.819396,60.216067
84,715,Komentajankatu, Kommendörsgatan,Komentajankatu,Perkkaantie 5,Bergansvägen 5,Espoo,Esbo,CityBike Finland,12,24.821932,60.216222
85,719,Säteri, Säteri,Säteri,Säterinkatu 6,Säterigatan 6,Espoo,Esbo,CityBike Finland,32,24.811572,60.213443
86,721,Säterinrinne, Säteribrinken,Säterinrinne,Ruusutorpantie 1,Rosatorpsvägen 1,Espoo,Esbo,CityBike Finland,16,24.805613,60.214193
87,723,Säterinniitty, Säteriängen,Säterinniitty,Säterinpuistontie 16,Säteriparksvägen 16,Espoo,Esbo,CityBike Finland,10,24.800486,60.214666
88,725,Rummunlyöjänkatu, Trumslagargatan,Rummunlyöjänkatu,Leppävaarankatu 13,Albergagatan 13,Espoo,Esbo,CityBike Finland,20,24.806279,60.217261
89,727,Ratsutori, Ryttartorget,Ratsutori,Leppävaarankatu 1,Albergagatan 1,Espoo,Esbo,CityBike Finland,33,24.812419,60.217311
90,729,Leppävaaranaukio, Albergaplanen,Leppävaaranaukio,Hevosenkenkä 3,Hästskon 3,Espoo,Esbo,CityBike Finland,30,24.813885,60.218869
91,731,Leppävaarankäytävä, Albergapassagen,Leppävaarankäytävä,Läkkisepänkuja 3,Bleckslagargränden 3,Espoo,Esbo,CityBike Finland,21,24.813437,60.220254
92,733,Läkkitori, Blecktorget,Läkkitori,Läkkisepänkuja 3,Bleckslagargränden 3,Espoo,Esbo,CityBike Finland,25,24.813109,60.221019
93,735,Armas Launiksen katu,Armas Launis gata,Armas Launiksen katu,Armas Launiksen katu 8,Armas Launis gata 8,Espoo,Esbo,CityBike Finland,20,24.818128,60.221781
94,737,Muurarinkuja, Murargränden,Muurarinkuja,Muurarinkuja 4,Murargränden 4,Espoo,Esbo,CityBike Finland,19,24.812271,60.223769
95,739,Postipuun koulu,Postipuun koulu,Postipuun koulu,Mäkkylän puistotie 14,Mäkkyläallén 14,Espoo,Esbo,CityBike Finland,16,24.826396,60.223827
96,741,Gransinmäki, Gransbacken,Gransinmäki,Vanha maantie 6,Gamla landsvägen 6,Espoo,Esbo,CityBike Finland,20,24.804898,60.222154
97,745,Leppävaaran urheilupuisto, Alberga idrottspark,Leppävaaran urheilupuisto,Veräjäpellonkatu 17,Grindåkersgatan 17,Espoo,Esbo,CityBike Finland,32,24.800971,60.224943
98,747,Leppävaaran uimahalli, Alberga simhall,Leppävaaran uimahalli,Veräjäpellonkatu 12,Grindåkersgatan 12,Espoo,Esbo,CityBike Finland,18,24.804735,60.226379
99,749,Vallikatu, Vallgatan,Vallikatu,Vallikatu 19,Vallgatan 19,Espoo,Esbo,CityBike Finland,24,24.813871,60.228463
100,751,Vallipolku, Vallgången,Vallipolku,Vallikatu 12,Vallgatan 12,Espoo,Esbo,CityBike Finland,20,24.819614,60.227827
101,753,Linnuntie, Fågelvägen,Linnuntie,Linnuntie 2,Fågelsvägen 2,Espoo,Esbo,CityBike Finland,24,24.813954,60.234401
102,755,Kutsuntatie, Uppbådsvägen,Kutsuntatie,Lintulaaksontie 2,Fågeldalsvägen 2,Espoo,Esbo,CityBike Finland,16,24.824561,60.230453
103,757,Painiitty, Pajängen,Painiitty,Lotankatu 1,Lottagatan 1,Espoo,Esbo,CityBike Finland,12,24.831397,60.235089
104,761,Mäkkylän asema, Mäkkylä station,Mäkkylän asema,Perkkaantie 20,Bergansvägen 20,Espoo,Esbo,CityBike Finland,32,24.83939,60.220467
105,763,Kalkkipellonmäki, Kalkåkersbacken,Kalkkipellonmäki,Turuntie 22,Åbovägen 22,Espoo,Esbo,CityBike Finland,24,24.833536,60.220551
106,767,Ruutikatu, Krutgatan,Ruutikatu,Ruutikatu 10,Krugranden 10,Espoo,Esbo,CityBike Finland,10,24.820635,60.223377
107,769,Tiurintie, Tiurisvägen,Tiurintie,Kurkijoentie 1,Kronoborgsvägen 1,Espoo,Esbo,CityBike Finland,12,24.814562,60.204951
108,900,Orionintie,Orionvägen,Orionintie,Orionintie 3-5,Orionvägen 3-5,Espoo,Esbo,CityBike Finland,20,24.771826,60.180118
109,901,O'Bike Station,O'Bike Station,O'Bike Station,Rauhalanpuisto 11,Rauhalaparken 11,Espoo,Esbo,CityBike Finland,20,24.742219,60.163412
110,902,Derby Business Park,Derby Business Park,Derby Business Park,Tarvonsalmenkatu 17,Tarvosundsgatan 17,Espoo,Esbo,CityBike Finland,20,24.835356,60.209017
111,001,Kaivopuisto,Brunnsparken,Kaivopuisto,Meritori 1,Havstorget 1,Helsinki,Helsingfors,CityBike Finland,30,24.9502114714026,60.1553696238444
112,002,Laivasillankatu,Skeppsbrogatan,Laivasillankatu,Laivasillankatu 14,Skeppsbrogatan 14,Helsinki,Helsingfors,CityBike Finland,12,24.9565097715857,60.1609890780501
113,003,Kapteeninpuistikko,Kaptensskvären,Kapteeninpuistikko,Tehtaankatu 13,Fabriksgatan 13,Helsinki,Helsingfors,CityBike Finland,16,24.9450181631666,60.158176911765
114,004,Viiskulma,Femkanten,Viiskulma,Fredrikinkatu 19,Fredriksgatan  19,Helsinki,Helsingfors,CityBike Finland,14,24.9417758006416,60.1609859009459
115,005,Sepänkatu,Smedsgatan,Sepänkatu,Tehtaankatu 25,Fabriksgatan 25,Helsinki,Helsingfors,CityBike Finland,32,24.9362853002098,60.1579483005891
116,006,Hietalahdentori,Sandvikens torg,Hietalahdentori,Hietalahdenkatu 2,Sandviksgatan 2,Helsinki,Helsingfors,CityBike Finland,24,24.9296476311882,60.1622283985805
117,007,Designmuseo,Designmuseet,Design Museum,Korkeavuorenkatu 23,Högbergsgatan 23,Helsinki,Helsingfors,CityBike Finland,14,24.9459599998803,60.1631032004291
118,008,Vanha kirkkopuisto,Gamla kyrkoparken,Vanha kirkkopuisto,Annankatu 16,Annegatan 16,Helsinki,Helsingfors,CityBike Finland,24,24.9391145483709,60.1653538553351
119,009,Erottajan aukio,Skillnadsplatsen,Erottajan aukio,Eteläesplanadi 22,Södra esplanaden 22,Helsinki,Helsingfors,CityBike Finland,44,24.9442610720753,60.166890083486
120,010,Kasarmitori,Kaserntorget,Kasarmitori,Fabianinkatu 13,Fabiansgatan 13,Helsinki,Helsingfors,CityBike Finland,28,24.949472879382,60.1650171815098
121,011,Unioninkatu,Unionsgatan,Unioninkatu,Eteläesplanadi 1,Södra esplanaden 1,Helsinki,Helsingfors,CityBike Finland,22,24.9510226994021,60.1674573009106
122,012,Kanavaranta,Kanalkajen,Kanavaranta,Kanavaranta 1,Kanalkajen 1,Helsinki,Helsingfors,CityBike Finland,34,24.9584922784241,60.168495912803
123,013,Merisotilaantori,Flottisttorget,Merisotilaantori,Merisotilaantori,Flottisttorget,Helsinki,Helsingfors,CityBike Finland,24,24.9755284752386,60.1679190628252
124,014,Senaatintori,Senatstorget,Senate Square,Aleksanterinkatu 22,Alexandersgatan 22,Helsinki,Helsingfors,CityBike Finland,22,24.9526414004663,60.1691278006798
125,015,Ritarikatu,Riddaregatan,Ritarikatu,Ritarikatu 7,Riddaregatan 7,Helsinki,Helsingfors,CityBike Finland,12,24.9555218601891,60.1710906884975
126,016,Liisanpuistikko,Elisabetsskvären,Liisanpuistikko,Liisankatu 1,Elisabetsgatan 1,Helsinki,Helsingfors,CityBike Finland,16,24.9613746997627,60.1741822003854
127,017,Varsapuistikko,Fölskvären,Varsapuistikko,Yrjö-Koskisen katu 1,Yrjö-Koskinens gata 1,Helsinki,Helsingfors,CityBike Finland,28,24.9495192737191,60.1731029004969
128,018,Porthania,Porthania,Porthania,Yliopistonkatu 3,Universitetsgatan 3,Helsinki,Helsingfors,CityBike Finland,40,24.9480528436015,60.1698689258194
129,019,Rautatientori / itä,Järnvägstorget/öst,Central Railway Station/East,Rautatientori 1,Järnvägstorget 1,Helsinki,Helsingfors,CityBike Finland,20,24.9425267992462,60.1708236004791
130,020,Kaisaniemenpuisto,Kajsaniemiparken,Kaisaniemenpuisto,Bergbominkuja 1,Bergbomsgränden 1,Helsinki,Helsingfors,CityBike Finland,22,24.9433556359402,60.173234908895
131,021,Töölönlahdenkatu,Tölöviksgatan,Töölönlahdenkatu,Töölönlahdenkatu 1,Tölöviksgatan 1,Helsinki,Helsingfors,CityBike Finland,44,24.939284,60.1729435
132,022,Rautatientori / länsi,Järnvägstorget/väst,Central Railway Station/West,Kaivokatu 1,Brunnsgatan 1,Helsinki,Helsingfors,CityBike Finland,16,24.9397601000638,60.170606100741
133,023,Kiasma,Kiasma,Kiasma,Mannerheiminaukio 1,Mannerheimplatsen 1,Helsinki,Helsingfors,CityBike Finland,30,24.9374279000748,60.1712579010317
134,024,Mannerheimintie,Mannerheimvägen,Mannerheimintie,Mannerheiminitie 18,Mannerheimvägen 18,Helsinki,Helsingfors,CityBike Finland,20,24.9394194995366,60.1690724007628
135,025,Narinkka,Narinken,Narinkka,Narinkka 1,Narinken 1,Helsinki,Helsingfors,CityBike Finland,40,24.93460698,60.1700420359
136,026,Kamppi (M),Kampen (M),Kamppi (M),Fredrikinkatu 44,Fredriksgatan 44,Helsinki,Helsingfors,CityBike Finland,32,24.9305373005368,60.1686095009089
137,027,Eerikinkatu,Eriksgatan,Eerikinkatu,Eerikinkatu 8,Eriksgatan 8,Helsinki,Helsingfors,CityBike Finland,14,24.9358445558376,60.1673619794087
138,028,Lastenlehto,Barnlunden,Lastenlehto,Lapinrinne,Lappbrinken,Helsinki,Helsingfors,CityBike Finland,16,24.9270362659603,60.1657993094196
139,029,Baana,Banan,Baana,Ruoholahdenkatu 23,Gräsviksgatan 23,Helsinki,Helsingfors,CityBike Finland,16,24.92257062079,60.164117381256
140,030,Itämerentori,Östersjötorget,Itämerentori,Itämerentori 1,Östersjötorget 1,Helsinki,Helsingfors,CityBike Finland,40,24.9145164996451,60.1635309006283
141,031,Marian sairaala,Maria sjukhus,Maria Hospital,Pohjoinen Rautatiekatu 33,Norra Järnvägsgatan 33,Helsinki,Helsingfors,CityBike Finland,16,24.9227415692013,60.1683228267673
142,032,Eläinmuseo,Naturhistoriska museet,Finnish Museum of Natural History,Pohjoinen Rautatiekatu 13,Norra Järnvägsgatan 13,Helsinki,Helsingfors,CityBike Finland,20,24.9318975121428,60.1713589074265
143,033,Kauppakorkeakoulu,Handelshögskolan,Hanken School of Economics,Arkadiankatu 20,Arkadiagatan 20,Helsinki,Helsingfors,CityBike Finland,16,24.9250132257972,60.1711668937482
144,034,Kansallismuseo,Nationalmuseum,National Museum,Mannerheimintie 30,Mannerheimvägen 30,Helsinki,Helsingfors,CityBike Finland,16,24.932898315344,60.1739569072931
145,035,Cygnaeuksenkatu,Cygnaeusgatan,Cygnaeuksenkatu,Cygnaeuksenkatu 1,Cygnaeusgatan 1,Helsinki,Helsingfors,CityBike Finland,16,24.9282685568484,60.1741008804356
146,036,Apollonkatu,Apollogatan,Apollonkatu,Runeberginkatu 43,Runebergsgatan 43,Helsinki,Helsingfors,CityBike Finland,20,24.9224632983337,60.176092787812
147,037,Töölönkatu,Tölögatan,Töölönkatu,Pohjoinen Hesperiankatu 3,Norra Hesperiagatan 3,Helsinki,Helsingfors,CityBike Finland,18,24.9283525094474,60.1775346278992
148,038,Töölöntori,Tölötorg,Töölöntori,Töölöntorinkatu 11,Tölötorggatan 11,Helsinki,Helsingfors,CityBike Finland,16,24.9249700522855,60.1791005259377
149,039,Ooppera,Nationaloperan,Opera,Mannerheimintie 62,Mannerheimvägen 62,Helsinki,Helsingfors,CityBike Finland,24,24.9266869997463,60.1825529007523
150,040,Hakaniemi (M),Hagnäs (M),Hakaniemi (M),John Stenberginranta 6,John Stenbergs strand 6,Helsinki,Helsingfors,CityBike Finland,28,24.9522579797679,60.178081643511
151,041,Ympyrätalo,Runda huset,Ympyrätalo,Porthaninrinne 1,Porthansbrinken 1,Helsinki,Helsingfors,CityBike Finland,36,24.9493999998455,60.180863000648
152,042,Haapaniemenkatu,Aspnäsgatan,Haapaniemenkatu,Haapaniemenkatu 2,Aspnäsgatan 2,Helsinki,Helsingfors,CityBike Finland,18,24.9551952848703,60.1831601181109
153,043,Karhupuisto,Björnparken,Karhupuisto,Agricolankatu 11,Agricolagatan 11,Helsinki,Helsingfors,CityBike Finland,24,24.9526762998377,60.1842833008851
154,044,Sörnäinen (M),Sörnäs (M),Sörnäinen (M),Vaasanpuistikko 1a,Vaasanpuistikko 1a,Helsinki,Helsingfors,CityBike Finland,20,24.96098,60.187736
155,045,Brahen kenttä,Braheplan,Brahen kenttä,Helsinginkatu 22,Helsingegatan 22,Helsinki,Helsingfors,CityBike Finland,20,24.9508131529513,60.1867902970956
156,046,Diakoniapuisto,Diakoniparken,Diakoniapuisto,Helsinginkatu 44,Helsingegatan 44,Helsinki,Helsingfors,CityBike Finland,18,24.942749,60.186301
157,047,Vanha Kauppahalli,Salutorget,Market Square,Pakkahuoneenlaituri,Packhuskajen,Helsinki,Helsingfors,CityBike Finland,22,24.9535685411148,60.1652833514784
158,048,Mastokatu,Mastgatan,Mastokatu,Mastokatu 2,Mastgatan 2,Helsinki,Helsingfors,CityBike Finland,22,24.9674668165295,60.1647465061469
159,049,Annankatu,Annankatu,Annankatu,Annankatu 5,Annegatan 5,Helsinki,Helsingfors,CityBike Finland,16,24.94173790071,60.1634749332853
160,050,Melkonkuja,Melkögränd,Melkonkuja,Melkonkuja 1,Melkögränd 1,Helsinki,Helsingfors,CityBike Finland,12,24.8861093999759,60.1498127004012
161,051,Itälahdenkatu,Österviksgatan,Itälahdenkatu,Itälahdenkatu 15,Österviksgatan 15,Helsinki,Helsingfors,CityBike Finland,12,24.8812501991251,60.1506600007083
162,052,Heikkilänaukio,Heikasplatsen,Heikkilänaukio,Heikkilänaukio 1,Heikasplatsen 1,Helsinki,Helsingfors,CityBike Finland,20,24.8793158993847,60.1540763005315
163,053,Heikkiläntie,Heikasvägen,Heikkiläntie,Heikkiläntie 7,Heikasvägen 7,Helsinki,Helsingfors,CityBike Finland,12,24.8850653001728,60.1568170007212
164,054,Gyldenintie,Gyldénsvägen,Gyldenintie,Gyldenintie 2,Gyldénsvägen 2,Helsinki,Helsingfors,CityBike Finland,36,24.8766657996796,60.1583842004274
165,055,Puistokaari,Parksvängen,Puistokaari,Isokaari 33,Storsvängen 33,Helsinki,Helsingfors,CityBike Finland,16,24.8598662694232,60.1616959625607
166,056,Luoteisväylä,Nordvästpassagen,Luoteisväylä,Luoteisväylä 17,Nordvästpassagen 17,Helsinki,Helsingfors,CityBike Finland,12,24.8601992003384,60.1654485009652
167,057,Lauttasaaren ostoskeskus,Drumsö köpcentrum,Lauttasaari Shopping Center,Lauttasaarentie 26,Drumsövägen 26,Helsinki,Helsingfors,CityBike Finland,26,24.8828103623045,60.1604153547222
168,058,Lauttasaarensilta,Drumsö bro,Lauttasaarensilta,Lauttasaarentie 5,Drumsövägen 5,Helsinki,Helsingfors,CityBike Finland,20,24.8899154000946,60.1611858260783
169,059,Salmisaarenranta,Sundholmsstranden,Salmisaarenranta,Salmisaarenranta 9,Sundholmstranden 9,Helsinki,Helsingfors,CityBike Finland,28,24.900933485819,60.1647841790627
170,060,Kaapelitehdas,Kabelfabriken,Cable Factory,Tammasaarenkatu 7,Märaholmsgatan 7,Helsinki,Helsingfors,CityBike Finland,26,24.9065572669725,60.1618133723859
171,061,Länsisatamankatu,Västrahamnsgatan,Länsisatamankatu,Länsisatamankatu 19,Västrahamnsgatan 19,Helsinki,Helsingfors,CityBike Finland,16,24.9096920006593,60.1589276004759
172,062,Messitytönkatu,Mässflicksgatan,Messitytönkatu,Selkämerenkatu 12,Bottenhavsgatan 12,Helsinki,Helsingfors,CityBike Finland,18,24.9159015220252,60.1611180850252
173,063,Jätkäsaarenlaituri,Busholmskajen,Jätkäsaarenlaituri,Jätkäsaarenlaituri 1,Busholmskajen 1,Helsinki,Helsingfors,CityBike Finland,24,24.921489600822,60.1619311011687
174,064,Tyynenmerenkatu,Stillahavsgatan,Tyynenmerenkatu,Rionkatu 6,Stillhavsgatan 9,Helsinki,Helsingfors,CityBike Finland,20,24.9203435489547,60.1568077802669
175,065,Hernesaarenranta,Ärtholmsstranden,Hernesaarenranta,Hylkeenpyytäjänkatu 1a,Säljägargatan 1a,Helsinki,Helsingfors,CityBike Finland,40,24.9311978237827,60.1535144875582
176,066,Ehrenströmintie,Ehrenströmsvägen,Ehrenströmintie,Ehrenströmintie 3,Ehrenströmsvägen 3,Helsinki,Helsingfors,CityBike Finland,20,24.9592122677269,60.1552178363049
177,067,Perämiehenkatu,Styrmansgatan,Perämiehenkatu,Punavuorenkatu 22,Rödbergsgatan 22,Helsinki,Helsingfors,CityBike Finland,16,24.9340656851357,60.1600875931318
178,068,Albertinkatu,Albertsgatan,Albertinkatu,Albertinkatu 17,Albertsgatan 17,Helsinki,Helsingfors,CityBike Finland,20,24.936805044695,60.1618574878206
179,069,Kalevankatu,Kalevagatan,Kalevankatu,Albertinkatu 35,Albertsgatan 35,Helsinki,Helsingfors,CityBike Finland,16,24.9314322992008,60.1656962007403
180,070,Sammonpuistikko,Samposkvären,Sammonpuistikko,Sammonkatu 3,Sampogatan 3,Helsinki,Helsingfors,CityBike Finland,14,24.922411200048,60.1731473008565
181,071,Hietaniemenkatu,Sanduddsgatan,Hietaniemenkatu,Hiekkarannantie 9,Sandstrandsvägen 9,Helsinki,Helsingfors,CityBike Finland,24,24.907670424697,60.1733331557525
182,072,Eteläinen Hesperiankatu,Södra Hesperiagatan,Eteläinen Hesperiankatu,Eteläinen Hesperiankatu 38,Södrä Hesperiagatan 38,Helsinki,Helsingfors,CityBike Finland,18,24.9155261617441,60.1755926699257
183,073,Kesäkatu,Sommargatan,Kesäkatu,Kesäkatu 8,Sommargatan 8,Helsinki,Helsingfors,CityBike Finland,14,24.9132503995399,60.1792967012403
184,074,Rajasaarentie,Råholmsvägen,Rajasaarentie,Rajasaarentie 6,Råholmsvägen,Helsinki,Helsingfors,CityBike Finland,16,24.9110579020197,60.1831258146387
185,075,Korjaamo,Korjaamo,Korjaamo,Töölönkatu 51a,Tölögatan 51a,Helsinki,Helsingfors,CityBike Finland,24,24.9198837005522,60.1838637058335
186,076,Olympiastadion,Olympiastadion,Olympic Stadium,Toivonkatu 3,Toivogatan 3,Helsinki,Helsingfors,CityBike Finland,20,24.9249612452844,60.1844935162838
187,077,Nordenskiöldinaukio,Nordenskiöldsplatsen,Nordenskiöldinaukio,Linnankoskenkatu 15-17,Linnankoskigatan 15-17,Helsinki,Helsingfors,CityBike Finland,16,24.9172924251708,60.1852461181691
188,078,Messeniuksenkatu,Messeniusgatan,Messeniuksenkatu,Messeniuksenkatu 1a,Messeniusgatan 1a,Helsinki,Helsingfors,CityBike Finland,20,24.9180102002594,60.1878352008881
189,079,Uimastadion,Simstadion,Swimming Stadium,Hammarskjöldintie 5,Hammarsköljdsvägen 5,Helsinki,Helsingfors,CityBike Finland,18,24.9292125301789,60.1892523510459
190,080,Jäähalli,Ishall,Ice hall,Nordenskiöldinkatu 11,Nordenskiöldsgatan 11,Helsinki,Helsingfors,CityBike Finland,22,24.9204971353412,60.1893228127242
191,081,Stenbäckinkatu,Stenbäcksgatan,Stenbäckinkatu,Stenbäckinkatu 9,Stenbäcksgatan 9,Helsinki,Helsingfors,CityBike Finland,18,24.9123717007064,60.1883091004345
192,082,Töölöntulli,Tölötull,Töölöntulli,Mannerheimintie 112,Mannerheimvägen 112,Helsinki,Helsingfors,CityBike Finland,16,24.9128930190467,60.1909233825636
193,083,Meilahden sairaala,Mejlans sjukhus,Meilahti Hospital,Haartmaninkatu 4,Haartmansgatan 4,Helsinki,Helsingfors,CityBike Finland,28,24.9083351006822,60.1902195006779
194,084,Paciuksenkatu,Paciusgatan,Paciuksenkatu,Mäntytie 2,Tallvägen 2,Helsinki,Helsingfors,CityBike Finland,14,24.8999261202596,60.1912061506227
195,085,Jalavatie,Almvägen,Jalavatie,Jalavatie 10,Almvägen 10,Helsinki,Helsingfors,CityBike Finland,16,24.9057885671908,60.1934470356136
196,086,Kuusitie,Granvägen,Kuusitie,Mannerheimintie 152,Mannerheimvägen 152,Helsinki,Helsingfors,CityBike Finland,24,24.9018996998812,60.195245200996
197,087,Kustaankatu,Gustavsgatan,Kustaankatu,Kustaankatu 4b,Gustafsgatan 4b,Helsinki,Helsingfors,CityBike Finland,20,24.9559903941465,60.1882073130505
198,088,Kiskontie,Kiskovägen,Kiskontie,Mannerheimintie 99,Mannerheimvägen 99,Helsinki,Helsingfors,CityBike Finland,20,24.9012350212617,60.1990120771068
199,089,Tilkanvierto,Tilkkalänken,Tilkanvierto,Tilkankatu 41,Tilkgatan 41,Helsinki,Helsingfors,CityBike Finland,16,24.8992505554038,60.1975748307905
200,090,Paciuksenkaari,Paciussvängen,Paciuksenkaari,Johannesbergintie 6,Johannesbergsvägen 6,Helsinki,Helsingfors,CityBike Finland,20,24.8911179001256,60.1944475005468
201,091,Seurasaari,Fölisön,Seurasaari,Seurasaarentie 15,Fölisövägen 15,Helsinki,Helsingfors,CityBike Finland,22,24.8847643214706,60.1884345510866
202,092,Saunalahdentie,Bastuviksvägen,Saunalahdentie,Saunalahdentie 1,Bastuviksvägen 1,Helsinki,Helsingfors,CityBike Finland,8,24.879165200074,60.1926665285232
203,093,Torpanranta,Torpanranta,Torpanranta,Laajalahdentie 1,Bredsvikvägen 1,Helsinki,Helsingfors,CityBike Finland,16,24.8713963007611,60.194835800852
204,094,Laajalahden aukio,Bredviksplatsen,Laajalahden aukio,Munkkiniemen puistotie 21,Munksnäs allén 21,Helsinki,Helsingfors,CityBike Finland,20,24.8763012644263,60.1978706099889
205,095,Munkkiniemen aukio,Munksnäsplatsen,Munkkiniemen aukio,Munkkiniemen puistotie 1,Munksnäs allén 1,Helsinki,Helsingfors,CityBike Finland,18,24.884019388453,60.1967237938909
206,096,Huopalahdentie,Hoplaksvägen,Huopalahdentie,Huopalahdentie 13,Hoplaksvägen 13,Helsinki,Helsingfors,CityBike Finland,20,24.8835764865758,60.1997329281553
207,098,Ulvilantie,Ulfsbyvägen,Ulvilantie,Porintie 1,Björneborgsvägen,Helsinki,Helsingfors,CityBike Finland,12,24.8708784784715,60.2038687228517
208,099,Muusantori,Musans torg,Muusantori,Muusantori 5,Musanstorg 5,Helsinki,Helsingfors,CityBike Finland,12,24.855954400831,60.2071193007607
209,100,Teljäntie,Täljevägen,Teljäntie,Ulvilantie 21,Ulfsbyvägen 21,Helsinki,Helsingfors,CityBike Finland,12,24.8686567195812,60.2096904375252
210,101,Munkkivuoren ostoskeskus,Munkhöjdens köpcentrum,Munkkivuori Shopping Center,Huopalahdentie 20b,Hoplaksvägen 20b,Helsinki,Helsingfors,CityBike Finland,24,24.8798066035011,60.2059834226299
211,103,Vihdintie,Vichtisvägen,Vihdintie,Vihdintie 2,Vichtisvägen 2,Helsinki,Helsingfors,CityBike Finland,16,24.8895209008124,60.2089250009777
212,104,Kriikunakuja,Krikongränden,Kriikunakuja,Korppaanmäentie 26,Korpasbackavägen 26,Helsinki,Helsingfors,CityBike Finland,16,24.8916816998734,60.2056785010674
213,105,Tilkantori,Tilktorget,Tilkantori,Tilkantori 3,Tilktorget 3,Helsinki,Helsingfors,CityBike Finland,16,24.8933660254609,60.2027829040675
214,106,Korppaanmäentie,Korpasbackavägen,Korppaanmäentie,Mannerheimintie 170,Mannerheimvägen,Helsinki,Helsingfors,CityBike Finland,16,24.8989296993759,60.2034735010117
215,107,Tenholantie,Tenalavägen,Tenholantie,Kiskontie 22,Kiskovägen 22,Helsinki,Helsingfors,CityBike Finland,18,24.9054367957037,60.2023774139178
216,108,Radiokatu,Radiogatan,Radiokatu,Radiokatu 24,Radiogatan 24,Helsinki,Helsingfors,CityBike Finland,14,24.917930809194,60.2044834258841
217,109,Hertanmäenkatu,Hertabacksgatan,Hertanmäenkatu,Radiokatu 6,Radiogatan 6,Helsinki,Helsingfors,CityBike Finland,20,24.9227393042784,60.2023538689269
218,110,Maistraatintori,Magistratstorget,Maistraatintori,Kyllikinkatu 1,Kyllikkigatan 1,Helsinki,Helsingfors,CityBike Finland,14,24.9242458167087,60.2000903858908
219,111,Esterinportti,Estersporten,Esterinportti,Pasilanraitio 5,Böletået 5,Helsinki,Helsingfors,CityBike Finland,20,24.9267808000544,60.1975724006669
220,112,Rautatieläisenkatu,Järnvägsmannagatan,Rautatieläisenkatu,Ratapihantie 13,Bangårdsvägentie 13,Helsinki,Helsingfors,CityBike Finland,22,24.9332721002286,60.201438200765
221,113,Pasilan asema,Böle station,Pasila railway station,Pasilan asema-aukio,Böle station,Helsinki,Helsingfors,CityBike Finland,40,24.9327990790329,60.198210866794
222,114,Ratapihantie,Bangårdsvägen,Ratapihantie,Ratapihantie 1,Bangårdsvägentie 1,Helsinki,Helsingfors,CityBike Finland,20,24.936633254231,60.1964208245286
223,115,Venttiilikuja,Ventilgränden,Venttiilikuja,Venttiilikuja  1 & 2,Ventilgränden 1 & 2,Helsinki,Helsingfors,CityBike Finland,16,24.941522560234,60.1941915291888
224,116,Linnanmäki,Borgbacken,Linnanmäki Amusement Park,Viipurinkatu 20,Viborgsgatan 20,Helsinki,Helsingfors,CityBike Finland,32,24.940159299597,60.1911411011197
225,117,Brahen puistikko,Braheskvären,Brahen puistikko,Sturenkatu 12,Sturegatan 12,Helsinki,Helsingfors,CityBike Finland,12,24.9481257001874,60.1896658073144
226,118,Fleminginkatu,Flemingsgatan,Fleminginkatu,Aleksis Kiven katu 30,Aleksis Kivis gata 30,Helsinki,Helsingfors,CityBike Finland,22,24.952206700403,60.1895253244758
227,119,Gebhardinaukio,Gebhardsplatsen,Gebhardinaukio,Teollisuuskatu 3,Industrigatan 3,Helsinki,Helsingfors,CityBike Finland,20,24.955177,60.19118
228,120,Mäkelänkatu,Backasgatan,Mäkelänkatu,Mäkelänkatu 2,Backasgatan 2,Helsinki,Helsingfors,CityBike Finland,28,24.9633904702177,60.1896359995246
229,121,Vilhonvuorenkatu,Vilhelmsbergsgatan,Vilhonvuorenkatu,Vilhonvuorenkatu 12,Vilhelmsbergsgatan 12,Helsinki,Helsingfors,CityBike Finland,16,24.9678541236384,60.1864553116853
230,122,Lintulahdenkatu,Fågelviksgatan,Lintulahdenkatu,Lintulahdenkuja 6,Fågelviksgränden 6,Helsinki,Helsingfors,CityBike Finland,24,24.962063375375,60.1836809207071
231,123,Näkinsilta,Näckens bro,Näkinsilta,Sörnäisten rantatie 9,Sörnas strandväg 9,Helsinki,Helsingfors,CityBike Finland,24,24.9554449266323,60.1797502177879
232,124,Isoisänsilta,Farfarsbron,Isoisänsilta,Capellan puistotie 2,Capellas allé 2,Helsinki,Helsingfors,CityBike Finland,18,24.9817926053224,60.1826518210993
233,125,Arielinkatu,Arielgatan,Arielinkatu,Arielinkatu 14,Arielgatan 14,Helsinki,Helsingfors,CityBike Finland,20,24.9787769470451,60.1848393825455
234,126,Kalasatama (M),Fiskehamnen (M),Kalasatama (M),Hermannin rantatie 2b,Hermanstads strandväg 2b,Helsinki,Helsingfors,CityBike Finland,24,24.9771538924213,60.1875308514912
235,127,Teurastamo,Teurastamo,Teurastamo,Työpajankatu 2a,Verkstadsgatan 2a,Helsinki,Helsingfors,CityBike Finland,30,24.97115665034,60.189694592528
236,128,Päijänteentie,Päijännevägen,Päijänteentie,Päijänteentie 1,Päijännevägen 1,Helsinki,Helsingfors,CityBike Finland,14,24.9642238002847,60.1920576007558
237,129,Pernajantie,Pernåvägen,Pernajantie,Mäkelänkatu 25,Backasgatan 25,Helsinki,Helsingfors,CityBike Finland,20,24.9579782365197,60.1942276114153
238,130,Teollisuuskatu,Industrigatan,Teollisuuskatu,Teollisuuskatu 16,Industrigatan 16,Helsinki,Helsingfors,CityBike Finland,18,24.9487523997733,60.1934740191076
239,131,Elimäenkatu,Elimägatan,Elimäenkatu,Elimäenkatu 24,Elimägatan 24,Helsinki,Helsingfors,CityBike Finland,24,24.9476290451587,60.1962195713342
240,132,Hollolantie,Hollolavägen,Hollolantie,Hollolantie 2,Hollolavägen 2,Helsinki,Helsingfors,CityBike Finland,12,24.9546058093256,60.1958861973803
241,133,Paavalinpuisto,Paulusparken,Paavalinpuisto,Hämeentie 96,Tavastvägen 96,Helsinki,Helsingfors,CityBike Finland,22,24.9614401060514,60.1974798155962
242,134,Haukilahdenkatu,Gäddviksgatan,Haukilahdenkatu,Haukilahdenkatu 6,Gäddviksgatan 6,Helsinki,Helsingfors,CityBike Finland,26,24.9676238234159,60.1985339049846
243,135,Velodrominrinne,Velodromsbrinken,Velodrominrinne,Mäkelänkatu 70,Backasgatan 70,Helsinki,Helsingfors,CityBike Finland,12,24.9441912064597,60.2010023057281
244,136,Sofianlehdonkatu,Sofielundsgatan,Sofianlehdonkatu,Isonniitynkatu 7,Storsvängen 7,Helsinki,Helsingfors,CityBike Finland,12,24.9513635992831,60.2032721009115
245,137,Arabian kauppakeskus,Arabia köpcentrum,Arabia Shopping Center,Hämeentie 111,Tavastvägen 111,Helsinki,Helsingfors,CityBike Finland,30,24.9665718240119,60.2027696406573
246,138,Arabiankatu,Arabiagatan,Arabiankatu,Arabiankatu 7,Arabiagatan 7,Helsinki,Helsingfors,CityBike Finland,22,24.9770790121961,60.2064915656779
247,139,Muotoilijankatu,Designergatan,Muotoilijankatu, , ,Helsinki,Helsingfors,CityBike Finland,16,24.979682,60.209796
248,140,Verkatehtaanpuisto,Klädesfabriksparken,Verkatehtaanpuisto,Hämeentie 159,Tavastvägen 159,Helsinki,Helsingfors,CityBike Finland,14,24.9797491905265,60.2136895246488
249,141,Intiankatu,Indiagatan,Intiankatu,Intiankatu 20,Indiagatan 20,Helsinki,Helsingfors,CityBike Finland,16,24.967624641106,60.2078402364557
250,142,Koskelantie,Forsbyvägen,Koskelantie,Koskelantie 5,Forsbyvägen 5,Helsinki,Helsingfors,CityBike Finland,14,24.9464922066165,60.2087501979848
251,143,Kuikkarinne,Kuikkarinne,Kuikkarinne,Isokaari 10,Storsvängen 10,Helsinki,Helsingfors,CityBike Finland,12,24.869429786145,60.1570959966081
252,144,Käpyläntie,Kottbyvägen,Käpyläntie,Käpyläntie 1,Kottbyvägen 1,Helsinki,Helsingfors,CityBike Finland,14,24.958810800009,60.2139043005618
253,145,Pohjolankatu,Pohjolagatan,Pohjolankatu,Pohjolankatu 1,Pohjolagatan 1,Helsinki,Helsingfors,CityBike Finland,12,24.943796400567,60.2134210005951
254,146,Pohjolanaukio,Pohjolaplatsen,Pohjolanaukio,Pohjolankatu 40,Pohjolagatan 40,Helsinki,Helsingfors,CityBike Finland,16,24.9543597785944,60.2171787590192
255,147,Käpylän asema,Kottby station,Käpylä station,Panuntie 4,Panuvägen 4,Helsinki,Helsingfors,CityBike Finland,14,24.947949915225,60.2208033165832
256,148,Juhana Herttuan tie,Hertig Johans väg,Juhana Herttuan tie,Antti Korpin tie 3a,Anders Korps väg 3a,Helsinki,Helsingfors,CityBike Finland,16,24.9664522586218,60.2185249107568
257,149,Toinen linja,Andra linjen,Toinen linja,Toinen linja 25,Andra linjen 25,Helsinki,Helsingfors,CityBike Finland,22,24.944568511211,60.1830010014164
258,150,Töölönlahden puisto,Tölöviksparken,Töölönlahden puisto,Karamzininranta 4,Karamzins strand  4,Helsinki,Helsingfors,CityBike Finland,28,24.9334651536092,60.1769901768536
259,161,Eteläesplanadi,Södra Esplanaden,Eteläesplanadi,Eteläesplanadi 14,Södrä Esplanaden 14,Helsinki,Helsingfors,CityBike Finland,34,24.9471504600594,60.1671998543985
260,162,Leppäsuonaukio,Alkärrsplatsen,Leppäsuonaukio,Leppäsuonaukio 1,Alkärrsplatsen 1,Helsinki,Helsingfors,CityBike Finland,28,24.9265784464224,60.169584623927
261,163,Lehtisaarentie,Lövövägen,Lehtisaarentie,Liljasaarentie 1a,Liljeholmsvägen 1a,Helsinki,Helsingfors,CityBike Finland,12,24.8504396679317,60.1818132200983
262,200,Länsiterminaali,Västra terminalen,West Terminal,Sammonlaituri,Sampokajen,Helsinki,Helsingfors,CityBike Finland,24,24.9152135431217,60.1504730408213
263,201,Länsisatamankuja,Västrahamnsgränden,Länsisatamankuja,Länsisatamankatu 26,Västrahamnsgatan 26,Helsinki,Helsingfors,CityBike Finland,14,24.9120911686537,60.1569515055722
264,202,Merihaka,Havshagen,Merihaka,Hakaniemenranta 10,Hagnäskajen 10,Helsinki,Helsingfors,CityBike Finland,16,24.9585285446679,60.1780749193196
265,203,Opastinsilta,Semaforbron,Opastinsilta,Opastinsilta 10,Semaforbron 10,Helsinki,Helsingfors,CityBike Finland,40,24.9381525773314,60.1992657739978
266,204,A.I. Virtasen aukio,A. I. Virtanens plats,A.I. Virtasen aukio,Gustaf Hällströmin katu 1,Gustaf Hällströms gata 1,Helsinki,Helsingfors,CityBike Finland,24,24.9620788508105,60.2055418256072
267,205,Ilmalan asema,Ilmala station,Ilmala Station,Ilmalantori 1,Ilmalatorget 1,Helsinki,Helsingfors,CityBike Finland,16,24.9222198886661,60.206626438509
268,206,Ruskeasuon varikko,Brunakärrs depå,Ruskeasuo depot,Mannerheimintie 117,Mannerheimvägen 117,Helsinki,Helsingfors,CityBike Finland,14,24.8986678907755,60.2076799602835
269,207,Vanha Viertotie,Gamla chaussén,Vanha Viertotie,Vanha Viertotie 23,Gamla chaussén 23,Helsinki,Helsingfors,CityBike Finland,16,24.8816602535723,60.2110752969599
270,208,Valimotie,Gjuterivägen,Valimotie,Valimotie 1,Gjuterivägen 1,Helsinki,Helsingfors,CityBike Finland,24,24.8765290693424,60.2159693310577
271,209,Takomotie,Smedjevägen,Takomotie,Takomotie 29,Smedjevägen 29,Helsinki,Helsingfors,CityBike Finland,14,24.8710464686467,60.2178996331627
272,210,Pajamäki,Smedjebacka,Pajamäki,Pajamäentie 12,Smedjebackavägen 12,Helsinki,Helsingfors,CityBike Finland,12,24.8556743832859,60.2188213263944
273,211,Haagan tori,Haga torg,Haagan tori,Haagan tori 1,Haga torg 1,Helsinki,Helsingfors,CityBike Finland,16,24.8989300570329,60.2121115894754
274,212,Tunnelitie,Tunnelvägen,Tunnelitie,Tunnelitie 3,Tunnelvägen 3,Helsinki,Helsingfors,CityBike Finland,14,24.8995694064157,60.2166149422354
275,213,Huopalahden asema,Hoplaks station,Huopalahti Station,Huopalahden aseman itäinen raittisilta,Hoplaks stations östra järnvägsb,Helsinki,Helsingfors,CityBike Finland,20,24.8950577369047,60.218096144558
276,214,Valimon asema,Gjuteriets station,Valimo Station,Valimopolku 3,Gjuteristigen 3,Helsinki,Helsingfors,CityBike Finland,20,24.875844398505,60.2223022602117
277,215,Pitäjänmäen asema,Sockenbacka station,Pitäjänmäki Station,Pitäjänmäentie 21,Sockenbackavägen 21,Helsinki,Helsingfors,CityBike Finland,16,24.8586292857932,60.224309102205
278,216,Jännetie,Bågsträngsvägen,Jännetie,Konalantie 6,Kånalavägen 6,Helsinki,Helsingfors,CityBike Finland,12,24.8535714903001,60.2267575935547
279,217,Marttila,Martas,Marttila,Vihdintie 302,Vichtisvägen 302,Helsinki,Helsingfors,CityBike Finland,16,24.8732133049422,60.2271498174122
280,218,Pohjois-Haagan asema,Norra Haga station,Pohjois-Haaga Station,Pennikuja 2,Penninggränden 2,Helsinki,Helsingfors,CityBike Finland,16,24.8830806372703,60.2300717130271
281,219,Näyttelijäntie,Skådespelarvägen,Näyttelijäntie,Kaupintie 3,Krämärvägen 3,Helsinki,Helsingfors,CityBike Finland,16,24.8875470407423,60.2328641050417
282,220,Ida Aalbergin tie,Ida Aalbergs väg,Ida Aalbergin tie,Näyttelijäntie 14,Skådespelarvägen 14,Helsinki,Helsingfors,CityBike Finland,18,24.8919840907452,60.2293972548317
283,221,Thalianaukio,Thaliaplatsen,Thalianaukio,Aino Ackten tie 1,Aino Acktés väg 1,Helsinki,Helsingfors,CityBike Finland,14,24.8947958642764,60.2253423196494
284,222,Huovitie,Knektvägen,Huovitie,Huovitie 10,Knektvägen 10,Helsinki,Helsingfors,CityBike Finland,12,24.903286646657,60.2219755360125
285,223,Hämeenlinnanväylä,Tavastehusleden,Hämeenlinnanväylä,Eliel Saarisen tie 2,Eliel Saarinens väg 2,Helsinki,Helsingfors,CityBike Finland,14,24.9028322456728,60.2274510762347
286,224,Vesakkotie,Snårvägen,Vesakkotie,Männikkötie 11,Talldungevägen 11,Helsinki,Helsingfors,CityBike Finland,12,24.926615382648,60.2279595241282
287,225,Maunula,Månsas,Maunula,Maunulanmäki 2,Månsasbacken 2,Helsinki,Helsingfors,CityBike Finland,16,24.9325030021005,60.2303828883575
288,226,Lepolantie,Lepolavägen,Lepolantie,Lepolantie 61,Lepolavägen 61,Helsinki,Helsingfors,CityBike Finland,14,24.9286046557083,60.2390854117052
289,227,Kylävoudintie,Byfogdevägen,Kylävoudintie,Kylävoudintie 6,Byfogdevägen 6,Helsinki,Helsingfors,CityBike Finland,14,24.9525612440735,60.2244037853304
290,228,Kustaankartano,Gustafsgård,Kustaankartano,Maapadontie 3,Jorddammsvägen 3,Helsinki,Helsingfors,CityBike Finland,20,24.9487651621967,60.2307028705708
291,229,Käskynhaltijantie,Ståthållarvägen,Käskynhaltijantie,Hirsipadontie 2,Timmerdammsvägen 2,Helsinki,Helsingfors,CityBike Finland,18,24.9579341169413,60.2332319517011
292,230,Mäkitorpantie,Kullatorpsvägen,Mäkitorpantie,Kylänvanhimmantie 29,Byäldstevägen 29,Helsinki,Helsingfors,CityBike Finland,18,24.9626611159549,60.2301674747286
293,231,Siltavoudintie,Brofogdegränd,Siltavoudintie,Käskynhaltijantie 22,Ståthållarvägen 22,Helsinki,Helsingfors,CityBike Finland,16,24.9649692401002,60.2337172280165
294,232,Oulunkylän asema,Åggelby station,Oulunkylä Station,Oulunkyläntori 2,Åggelbytorget 2,Helsinki,Helsingfors,CityBike Finland,14,24.9667185624346,60.2291001633593
295,233,Kirkkoherrantie,Kyrkoherdevägen,Kirkkoherrantie,Kirkkoherrantie 5,Kyrkoherdevägen 5,Helsinki,Helsingfors,CityBike Finland,10,24.9728193757838,60.224930366181
296,234,Otto Brandtin tie,Otto Brandts väg,Otto Brandtin tie,Tulvaniityntie 2,Flödängsvägen 2,Helsinki,Helsingfors,CityBike Finland,20,24.978138918169,60.2317840662646
297,235,Katariina Saksilaisen katu,Katarina av Sachsens gata,Katariina Saksilaisen katu,Katariina Saksilaisen katu 6,Katarina av Sachsens gata 6,Helsinki,Helsingfors,CityBike Finland,16,24.9844208812222,60.2172068273415
298,236,Hernepellontie,Ärtåkersvägen,Hernepellontie,Harjannetie 44,Krönvägen 44,Helsinki,Helsingfors,CityBike Finland,14,24.9886129703083,60.2242412695989
299,237,Aulangontie,Aulankovägen,Aulangontie,Harjannetie 2,Krönvägen 2,Helsinki,Helsingfors,CityBike Finland,16,24.9985804201597,60.2302596402992
300,238,Pihlajamäki,Rönnbacka,Pihlajamäki,Meripihkatie 3,Bärnstensvägen 3,Helsinki,Helsingfors,CityBike Finland,16,25.0103139042598,60.2345785721774
301,239,Viikin tiedepuisto,Viks forskarpark,Viikki Science Park,Viikintori,Vikstorget,Helsinki,Helsingfors,CityBike Finland,28,25.0100484016429,60.2275394243354
302,240,Viikin normaalikoulu,Normalskolan i Vik,Viikki Teacher Training School,Kevättori,Vårtorget,Helsinki,Helsingfors,CityBike Finland,20,25.0275940265589,60.2274649753727
303,241,Agronominkatu,Agronomgatan,Agronominkatu,Latokartanontori,Ladugårdstorget,Helsinki,Helsingfors,CityBike Finland,24,25.0328574018928,60.2340530108661
304,242,Von Daehnin katu,Von Daehns gata,Von Daehnin katu,Von Daehnin katu 14,Von Daehns gata 14,Helsinki,Helsingfors,CityBike Finland,14,25.0436178847115,60.2303443601
305,243,Mustikkamaa,Blåbärslandet,Mustikkamaa,Mustikkamaantie 8,Blåbärslandsvägen 8,Helsinki,Helsingfors,CityBike Finland,20,24.9921054052715,60.1818444005247
306,244,Relanderinaukio,Relandersplatsen,Relanderinaukio,Ståhlbergintie 6,Ståhlbergsvägen 6,Helsinki,Helsingfors,CityBike Finland,16,25.0058079125451,60.1858547419242
307,245,Kulosaari (M),Brändö (M),Kulosaari (M),Ukko-Pekan porras,Ukko-Pekkas trappstig,Helsinki,Helsingfors,CityBike Finland,16,25.0065665307877,60.1889500897585
308,246,Tupasaarentie,Stugövägen,Tupasaarentie,Risto Rytin tie 30,Risto Rytis väg 30,Helsinki,Helsingfors,CityBike Finland,12,25.0153289779221,60.1878871313958
309,247,Haakoninlahdenkatu,Håkanviksgatan,Haakoninlahdenkatu,Koirasaarentie 33,Hundholmsvägen 33,Helsinki,Helsingfors,CityBike Finland,16,25.0208609553506,60.1688685594503
310,248,Gunillantie,Gunillavägen,Gunillantie,Koirasaarentie 32,Hundholmsvägen 32,Helsinki,Helsingfors,CityBike Finland,16,25.0330122371044,60.1719938598506
311,249,Isosaarentie,Mjölövägen,Isosaarentie,Köökarinkuja 3,Kökargränden 3,Helsinki,Helsingfors,CityBike Finland,14,25.0450147987505,60.1755055081917
312,250,Reiherintie,Reihersvägen,Reiherintie,Laajasalontie 13,Degerövägen 13,Helsinki,Helsingfors,CityBike Finland,12,25.0474962642386,60.1677305039774
313,251,Laajasalon ostoskeskus,Degerö köpcentrum,Laajasalo shopping center,Yliskylän puistokatu 4,Uppby parkgata 4,Helsinki,Helsingfors,CityBike Finland,16,25.0519120121372,60.1800091589978
314,252,Humalniementie,Humleuddsvägen,Humalniementie,Ryytikuja 2,Kryddgränden 2,Helsinki,Helsingfors,CityBike Finland,14,25.0530603555751,60.1837062969261
315,253,Tammisalon aukio,Tammelundsplatsen,Tammisalon aukio,Väylänrinne 1,Båtledsbrinken 1,Helsinki,Helsingfors,CityBike Finland,20,25.0610604378886,60.1916636548395
316,254,Agnetankuja,Agnetagränden,Agnetankuja,Laivalahdenkaari 24,Båtviksbågen 24,Helsinki,Helsingfors,CityBike Finland,16,25.0365006704004,60.1872113545226
317,255,Laivalahden puistotie,Båtsviksallén,Laivalahden puistotie,Laivalahden puistotie 10,Båtsvikallén 10,Helsinki,Helsingfors,CityBike Finland,16,25.0313242435417,60.1879616987442
318,256,Herttoniemenranta,Hertonäs strand,Herttoniemenranta,Paasivaarankatu 1,Paasivaaragatan 1,Helsinki,Helsingfors,CityBike Finland,14,25.0261074895481,60.1902241266005
319,257,Margareetankuja,Margaretagränden,Margareetankuja,Margareetankuja 4,Margaretagränden 4,Helsinki,Helsingfors,CityBike Finland,14,25.037226711038,60.191026757269
320,258,Abraham Wetterin tie,Abraham Wetters väg,Abraham Wetterin tie,Sorvaajankatu 1,Svarvaregatan 1,Helsinki,Helsingfors,CityBike Finland,16,25.0426533906377,60.1927662082632
321,259,Petter Wetterin tie,Petter Wetters väg,Petter Wetterin tie,Hitsaajankatu 16,Svetsargatan 16,Helsinki,Helsingfors,CityBike Finland,20,25.0310806077185,60.1931500074061
322,260,Herttoniemi (M),Hertonäs (M),Herttoniemi (M),Hiihtäjäntie 2,Skidlöparvägen 2,Helsinki,Helsingfors,CityBike Finland,24,25.0289074357313,60.1946246092333
323,261,Asentajanpuisto,Montörsparken,Asentajanpuisto,Asentajankatu 8,Montörsgatan 8,Helsinki,Helsingfors,CityBike Finland,16,25.0424582865293,60.1991534930025
324,262,Siilitie (M),Igelkottsvägen (M),Siilitie (M),Siilitie 2,Igelkottsvägen 2,Helsinki,Helsingfors,CityBike Finland,22,25.0451499077692,60.2059412914274
325,263,Herttoniemen kirkko,Hertonäs kyrka,Herttoniemi Church,Karhutie 11,Björnvägen 11,Helsinki,Helsingfors,CityBike Finland,16,25.0322254160114,60.198472102491
326,264,Eränkävijäntori,Jägartorget,Eränkävijäntori,Hiihtomäentie 39,Skidbacksvägen 39,Helsinki,Helsingfors,CityBike Finland,16,25.0336255327162,60.2045796306668
327,265,Siilitie 9,Igelkottsvägen 9,Siilitie 9,Siilitie 12,Igelkottsvägen 12,Helsinki,Helsingfors,CityBike Finland,16,25.0375268074419,60.2094531542983
328,266,Siilitie 13,Igelkottsvägen 13,Siilitie 13,Sopulirinne 2,Lemmelbrinken 2,Helsinki,Helsingfors,CityBike Finland,14,25.0438403800838,60.2150937055408
329,267,Roihupelto,Kasåkern,Roihupelto,Viilarintie 6,Filarvägen 6,Helsinki,Helsingfors,CityBike Finland,16,25.0550878014731,60.2093671318647
330,268,Porolahden koulu,Porovikens skola,Porolahti school,Roihuvuorentie 6b,Kasbergsvägen 6b,Helsinki,Helsingfors,CityBike Finland,18,25.053580944712,60.1955237434688
331,269,Peukaloisentie,Tummelitens väg,Peukaloisentie,Untuvaisentie 2,Dunungens väg 2,Helsinki,Helsingfors,CityBike Finland,12,25.0585469211705,60.1987082956995
332,270,Tulisuontie,Kaskärrsvägen,Tulisuontie,Roihuvuorentie 25,Kasbergsvägen 25,Helsinki,Helsingfors,CityBike Finland,16,25.0600755207066,60.2020741857322
333,271,Prinsessantie,Prinsessvägen,Prinsessantie,Prinsessantie 2,Prinsessvägen 2,Helsinki,Helsingfors,CityBike Finland,16,25.0598633466827,60.2062943222363
334,272,Marjaniementie,Maruddsvägen,Marjaniementie,Rakettipolku 5,Raketstigen 5,Helsinki,Helsingfors,CityBike Finland,16,25.0760693607079,60.2043248928675
335,273,Kauppakartanonkuja,Handelshusgränden,Kauppakartanonkuja,Kauppakartanonkatu 13,Handelshusgatan 13,Helsinki,Helsingfors,CityBike Finland,16,25.0791548137624,60.2070974617271
336,274,Voikukantie,Smörblommevägen,Voikukantie,Kauppakartanonkatu 10,Handelshusgatan 10,Helsinki,Helsingfors,CityBike Finland,16,25.0867813029404,60.2090159634351
337,275,Itäkeskus (M),Östra centrum (M),Itäkeskus (M),Tallinnanaukio 2,Revalsplanen 2,Helsinki,Helsingfors,CityBike Finland,28,25.075974443338,60.2096186298517
338,276,Puotinharju,Botbyhöjden,Puotinharju,Turunlinnantie 4,Åbohusvägen 4,Helsinki,Helsingfors,CityBike Finland,24,25.0824161004376,60.2125560347192
339,277,Marjaniemi,Marudd,Marjaniemi,Marjaniementie 23,Maruddsvägen 23,Helsinki,Helsingfors,CityBike Finland,14,25.0863443649104,60.2036199385051
340,278,Puotilantie,Botbygårdsvägen,Puotilantie,Puotilantie 4,Botbygårdsvägen 4,Helsinki,Helsingfors,CityBike Finland,14,25.1004180257132,60.2090787952165
341,279,Puotinkylän kartano,Botby gård,Puotinkylä Manor,Puotilantie 12,Botbygårdsvägen 12,Helsinki,Helsingfors,CityBike Finland,16,25.1062099916088,60.2125374502585
342,280,Puotilan ostoskeskus,Botby köpcentrum,Puotila shopping center,Klaavuntie 11,Klåvusvägen 11,Helsinki,Helsingfors,CityBike Finland,14,25.0955595128971,60.2127005724547
343,281,Puotila (M),Botby gård (M),Puotila (M),Vanhanlinnantori,Vanhalinnatorget,Helsinki,Helsingfors,CityBike Finland,20,25.0910915854205,60.2148243060291
344,282,Karhulantie,Karhulavägen,Karhulantie,Kiviportintie 2,Stenportsvägen 2,Helsinki,Helsingfors,CityBike Finland,12,25.1022019197015,60.2187064357628
345,283,Alakiventie,Understensvägen,Alakiventie,Alakiventie 4,Understensvägen 4,Helsinki,Helsingfors,CityBike Finland,14,25.0772822325583,60.21983979323
346,284,Myllypuro (M),Kvarnbäcken (M),Myllypuro (M),Kivensilmänkuja 1,Kvarnögsgränden 1,Helsinki,Helsingfors,CityBike Finland,28,25.075390168584,60.2240882638379
347,285,Orpaanporras,Lättan,Orpaanporras,Orpaanporras 14,Lättan 14,Helsinki,Helsingfors,CityBike Finland,14,25.0654178214227,60.2235488382376
348,286,Mamsellimyllynkatu,Mamsellskvarnsgatan,Mamsellimyllynkatu,Mamsellimyllynkatu 26,Mamsellkvarnsgatan 26,Helsinki,Helsingfors,CityBike Finland,16,25.059103072308,60.2182457850759
349,290,Vallilan varikko,Vallgårds depå,Vallilan varikko,Hämeentie 86,Tavastvägen 86,Helsinki,Helsingfors,CityBike Finland,20,24.9628231422152,60.1952459547863
350,291,Itäkeskus Metrovarikko,Östrä Centrum depå,Itäkeskus Metrovarikko,Metrovarikonkuja 6,Metrodepågränden 6,Helsinki,Helsingfors,CityBike Finland,18,25.065781819034,60.2114607435212
351,292,Koskelan varikko,Forsby depå,Koskelan varikko,Valtimontie 10,Valtimovägen 10,Helsinki,Helsingfors,CityBike Finland,16,24.969857119355,60.2125872995575
352,293,Korkeasaari,Högholmen,Korkeasaari,Mustikkamaanpolku 12,Blåbärslandsstigen 12,Helsinki,Helsingfors,CityBike Finland,16,24.9825269338027,60.1799061407845
